Query,Assessment_url
I am hiring for Java developers who can also collaborate effectively with my business teams.,https://www.shl.com/solutions/products/product-catalog/view/virtual-collaboration/
I am hiring for Java developers who can also collaborate effectively with my business teams.,https://www.shl.com/solutions/products/product-catalog/view/java-8/
I am hiring for Java developers who can also collaborate effectively with my business teams.,https://www.shl.com/solutions/products/product-catalog/view/java-17/
I am hiring for Java developers who can also collaborate effectively with my business teams.,https://www.shl.com/solutions/products/product-catalog/view/java-11/
I am hiring for Java developers who can also collaborate effectively with my business teams.,https://www.shl.com/solutions/products/product-catalog/view/business-analyst/
I am hiring for Java developers who can also collaborate effectively with my business teams.,https://www.shl.com/solutions/products/product-catalog/view/team-dynamics/
I am hiring for Java developers who can also collaborate effectively with my business teams.,https://www.shl.com/solutions/products/product-catalog/view/project-leadership/
I am hiring for Java developers who can also collaborate effectively with my business teams.,https://www.shl.com/solutions/products/product-catalog/view/business-writing/
I am hiring for Java developers who can also collaborate effectively with my business teams.,https://www.shl.com/solutions/products/product-catalog/view/python-new/
I am hiring for Java developers who can also collaborate effectively with my business teams.,https://www.shl.com/solutions/products/product-catalog/view/kotlin/
"Looking to hire mid-level professionals who are proficient in Python, SQL and JavaScript.",https://www.shl.com/solutions/products/product-catalog/view/sql-server/
"Looking to hire mid-level professionals who are proficient in Python, SQL and JavaScript.",https://www.shl.com/solutions/products/product-catalog/view/javascript-advanced/
"Looking to hire mid-level professionals who are proficient in Python, SQL and JavaScript.",https://www.shl.com/solutions/products/product-catalog/view/javascript/
"Looking to hire mid-level professionals who are proficient in Python, SQL and JavaScript.",https://www.shl.com/solutions/products/product-catalog/view/sql-advanced/
"Looking to hire mid-level professionals who are proficient in Python, SQL and JavaScript.",https://www.shl.com/solutions/products/product-catalog/view/sql/
"Looking to hire mid-level professionals who are proficient in Python, SQL and JavaScript.",https://www.shl.com/solutions/products/product-catalog/view/python-advanced/
"Looking to hire mid-level professionals who are proficient in Python, SQL and JavaScript.",https://www.shl.com/solutions/products/product-catalog/view/python-new/
"Looking to hire mid-level professionals who are proficient in Python, SQL and JavaScript.",https://www.shl.com/solutions/products/product-catalog/view/jest/
"Looking to hire mid-level professionals who are proficient in Python, SQL and JavaScript.",https://www.shl.com/solutions/products/product-catalog/view/pytest/
"Looking to hire mid-level professionals who are proficient in Python, SQL and JavaScript.",https://www.shl.com/solutions/products/product-catalog/view/entry-level-sjt/
I am hiring for an analyst and want applications to screen using Cognitive and personality tests,https://www.shl.com/solutions/products/product-catalog/view/opq32/
I am hiring for an analyst and want applications to screen using Cognitive and personality tests,https://www.shl.com/solutions/products/product-catalog/view/business-analyst/
I am hiring for an analyst and want applications to screen using Cognitive and personality tests,https://www.shl.com/solutions/products/product-catalog/view/processing-speed/
I am hiring for an analyst and want applications to screen using Cognitive and personality tests,https://www.shl.com/solutions/products/product-catalog/view/verify-g-plus/
I am hiring for an analyst and want applications to screen using Cognitive and personality tests,https://www.shl.com/solutions/products/product-catalog/view/fortran/
I am hiring for an analyst and want applications to screen using Cognitive and personality tests,https://www.shl.com/solutions/products/product-catalog/view/data-analyst/
I am hiring for an analyst and want applications to screen using Cognitive and personality tests,https://www.shl.com/solutions/products/product-catalog/view/visual-basic/
I am hiring for an analyst and want applications to screen using Cognitive and personality tests,https://www.shl.com/solutions/products/product-catalog/view/svelte/
I am hiring for an analyst and want applications to screen using Cognitive and personality tests,https://www.shl.com/solutions/products/product-catalog/view/ai-basics/
I am hiring for an analyst and want applications to screen using Cognitive and personality tests,https://www.shl.com/solutions/products/product-catalog/view/nuxtjs/
Need a customer service representative who is empathetic and good at problem solving,https://www.shl.com/solutions/products/product-catalog/view/problem-solving/
Need a customer service representative who is empathetic and good at problem solving,https://www.shl.com/solutions/products/product-catalog/view/customer-service-simulation/
Need a customer service representative who is empathetic and good at problem solving,https://www.shl.com/solutions/products/product-catalog/view/call-center-skills/
Need a customer service representative who is empathetic and good at problem solving,https://www.shl.com/solutions/products/product-catalog/view/customer-service-sjt/
Need a customer service representative who is empathetic and good at problem solving,https://www.shl.com/solutions/products/product-catalog/view/innovation-creativity/
Need a customer service representative who is empathetic and good at problem solving,https://www.shl.com/solutions/products/product-catalog/view/zendesk/
Need a customer service representative who is empathetic and good at problem solving,https://www.shl.com/solutions/products/product-catalog/view/software-engineer/
Need a customer service representative who is empathetic and good at problem solving,https://www.shl.com/solutions/products/product-catalog/view/customer-focus/
Need a customer service representative who is empathetic and good at problem solving,https://www.shl.com/solutions/products/product-catalog/view/retail-sjt/
Need a customer service representative who is empathetic and good at problem solving,https://www.shl.com/solutions/products/product-catalog/view/it-support/
Looking for a project manager with strong leadership and communication skills,https://www.shl.com/solutions/products/product-catalog/view/communication-assessment/
Looking for a project manager with strong leadership and communication skills,https://www.shl.com/solutions/products/product-catalog/view/leadership-assessment/
Looking for a project manager with strong leadership and communication skills,https://www.shl.com/solutions/products/product-catalog/view/group-exercise/
Looking for a project manager with strong leadership and communication skills,https://www.shl.com/solutions/products/product-catalog/view/manager-plus/
Looking for a project manager with strong leadership and communication skills,https://www.shl.com/solutions/products/product-catalog/view/written-analysis/
Looking for a project manager with strong leadership and communication skills,https://www.shl.com/solutions/products/product-catalog/view/project-management/
Looking for a project manager with strong leadership and communication skills,https://www.shl.com/solutions/products/product-catalog/view/project-leadership/
Looking for a project manager with strong leadership and communication skills,https://www.shl.com/solutions/products/product-catalog/view/leadership-simulation/
Looking for a project manager with strong leadership and communication skills,https://www.shl.com/solutions/products/product-catalog/view/leadership-development/
Looking for a project manager with strong leadership and communication skills,https://www.shl.com/solutions/products/product-catalog/view/leadership-sjt/
